Symbol,Security,GICS Sector,GICS Sub-Industry,Headquarters Location,Date added,CIK,Founded,last_month_move
MMM,3M,Industrials,Industrial Conglomerates,"Saint Paul, Minnesota",1957-03-04,66740,1902,0.5172627860093204
AOS,A. O. Smith,Industrials,Building Products,"Milwaukee, Wisconsin",2017-07-26,91142,1916,0.9619984491395783
ABT,Abbott,Health Care,Health Care Equipment,"North Chicago, Illinois",1957-03-04,1800,1888,0.0676652459054683
ABBV,AbbVie,Health Care,Biotechnology,"North Chicago, Illinois",2012-12-31,1551152,2013 (1888),1.1020806557610507
ACN,Accenture,Information Technology,IT Consulting & Other Services,"Dublin, Ireland",2011-07-06,1467373,1989,0.3152011698707824
ADBE,Adobe Inc.,Information Technology,Application Software,"San Jose, California",1997-05-05,796343,1982,0.9629092052322097
AMD,Advanced Micro Devices,Information Technology,Semiconductors,"Santa Clara, California",2017-03-20,2488,1969,-2.500062133329073
AES,AES Corporation,Utilities,Independent Power Producers & Energy Traders,"Arlington, Virginia",1998-10-02,874761,1981,1.1942695310372287
AFL,Aflac,Financials,Life & Health Insurance,"Columbus, Georgia",1999-05-28,4977,1955,0.7503452353103679
A,Agilent Technologies,Health Care,Life Sciences Tools & Services,"Santa Clara, California",2000-06-05,1090872,1999,1.555035290362028
APD,Air Products and Chemicals,Materials,Industrial Gases,"Allentown, Pennsylvania",1985-04-30,2969,1940,0.5766952112731483
ABNB,Airbnb,Consumer Discretionary,"Hotels, Resorts & Cruise Lines","San Francisco, California",2023-09-18,1559720,2008,-0.4080271641147548
AKAM,Akamai,Information Technology,Internet Services & Infrastructure,"Cambridge, Massachusetts",2007-07-12,1086222,1998,0.33666597430475065
ALB,Albemarle Corporation,Materials,Specialty Chemicals,"Charlotte, North Carolina",2016-07-01,915913,1994,-1.3564522518390243
ARE,Alexandria Real Estate Equities,Real Estate,Office REITs,"Pasadena, California",2017-03-20,1035443,1994,0.31258193633334486
ALGN,Align Technology,Health Care,Health Care Supplies,"Tempe, Arizona",2017-06-19,1097149,1997,-0.12219087916962579
ALLE,Allegion,Industrials,Building Products,"Dublin, Ireland",2013-12-02,1579241,1908,-0.1290557700650341
LNT,Alliant Energy,Utilities,Electric Utilities,"Madison, Wisconsin",2016-07-01,352541,1917,0.47715589924099966
ALL,Allstate,Financials,Property & Casualty Insurance,"Northbrook, Illinois",1995-07-13,899051,1931,1.354412134360783
GOOGL,Alphabet Inc. (Class A),Communication Services,Interactive Media & Services,"Mountain View, California",2014-04-03,1652044,1998,-1.3512774758705937
GOOG,Alphabet Inc. (Class C),Communication Services,Interactive Media & Services,"Mountain View, California",2006-04-03,1652044,1998,-1.3088691989417311
MO,Altria,Consumer Staples,Tobacco,"Richmond, Virginia",1957-03-04,764180,1985,-0.12304318621261245
AMZN,Amazon,Consumer Discretionary,Broadline Retail,"Seattle, Washington",2005-11-18,1018724,1994,-1.092032235953977
AMCR,Amcor,Materials,Paper & Plastic Packaging Products & Materials,"Warmley, Bristol, United Kingdom",2019-06-07,1748790,2019 (1860),0.5522118972402623
AEE,Ameren,Utilities,Multi-Utilities,"St. Louis, Missouri",1991-09-19,1002910,1902,-0.2627914545147769
AAL,American Airlines Group,Industrials,Passenger Airlines,"Fort Worth, Texas",2015-03-23,6201,1934,-0.8304136087329272
AEP,American Electric Power,Utilities,Electric Utilities,"Columbus, Ohio",1957-03-04,4904,1906,0.387460214120372
AXP,American Express,Financials,Consumer Finance,"New York City, New York",1976-06-30,4962,1850,0.10075600089118897
AIG,American International Group,Financials,Multi-line Insurance,"New York City, New York",1980-03-31,5272,1919,0.28385925242455645
AMT,American Tower,Real Estate,Telecom Tower REITs,"Boston, Massachusetts",2007-11-19,1053507,1995,1.4926124065986368
AWK,American Water Works,Utilities,Water Utilities,"Camden, New Jersey",2016-03-04,1410636,1886,1.2740827952887335
AMP,Ameriprise Financial,Financials,Asset Management & Custody Banks,"Minneapolis, Minnesota",2005-10-03,820027,1894,0.3074828638026217
AME,Ametek,Industrials,Electrical Components & Equipment,"Berwyn, Pennsylvania",2013-09-23,1037868,1930,0.4717529959588518
AMGN,Amgen,Health Care,Biotechnology,"Thousand Oaks, California",1992-01-02,318154,1980,0.27192925170451687
APH,Amphenol,Information Technology,Electronic Components,"Wallingford, Connecticut",2008-09-30,820313,1932,0.5639088620553512
ADI,Analog Devices,Information Technology,Semiconductors,"Wilmington, Massachusetts",1999-10-12,6281,1965,1.123112275574023
ANSS,Ansys,Information Technology,Application Software,"Canonsburg, Pennsylvania",2017-06-19,1013462,1969,-1.3631768869571959
AON,Aon,Financials,Insurance Brokers,"London, UK",1996-04-23,315293,1982 (1919),-0.13333702244635592
APA,APA Corporation,Energy,Oil & Gas Exploration & Production,"Houston, Texas",1997-07-28,1841666,1954,1.664281115603683
AAPL,Apple Inc.,Information Technology,"Technology Hardware, Storage & Peripherals","Cupertino, California",1982-11-30,320193,1977,-1.4321796575064827
AMAT,Applied Materials,Information Technology,Semiconductor Materials & Equipment,"Santa Clara, California",1995-03-16,6951,1967,1.8323301231403022
APTV,Aptiv,Consumer Discretionary,Automotive Parts & Equipment,"Dublin, Ireland",2012-12-24,1521332,1994,-1.0641258434002987
ACGL,Arch Capital Group,Financials,Property & Casualty Insurance,"Hamilton, Bermuda",2022-11-01,947484,1995,1.9403316898720657
ADM,Archer-Daniels-Midland,Consumer Staples,Agricultural Products & Services,"Chicago, Illinois",1957-03-04,7084,1902,-1.2632950855399616
ANET,Arista Networks,Information Technology,Communications Equipment,"Santa Clara, California",2018-08-28,1596532,2004,0.9012592808824271
AJG,Arthur J. Gallagher & Co.,Financials,Insurance Brokers,"Rolling Meadows, Illinois",2016-05-31,354190,1927,0.9323776705655762
AIZ,Assurant,Financials,Multi-line Insurance,"Atlanta, Georgia",2007-04-10,1267238,1892,0.69646891522539
T,AT&T,Communication Services,Integrated Telecommunication Services,"Dallas, Texas",1983-11-30,732717,1983 (1885),2.1177182756489055
ATO,Atmos Energy,Utilities,Gas Utilities,"Dallas, Texas",2019-02-15,731802,1906,0.5976435543491476
ADSK,Autodesk,Information Technology,Application Software,"San Francisco, California",1989-12-01,769397,1982,0.8856201120373663
ADP,Automatic Data Processing,Industrials,Human Resource & Employment Services,"Roseland, New Jersey",1981-03-31,8670,1949,0.05306565172300548
AZO,AutoZone,Consumer Discretionary,Automotive Retail,"Memphis, Tennessee",1997-01-02,866787,1979,1.025233920013613
AVB,AvalonBay Communities,Real Estate,Multi-Family Residential REITs,"Arlington, Virginia",2007-01-10,915912,1978,-0.03472585421590013
AVY,Avery Dennison,Materials,Paper & Plastic Packaging Products & Materials,"Mentor, Ohio",1987-12-31,8818,1990,-0.27584608980083525
AXON,Axon Enterprise,Industrials,Aerospace & Defense,"Scottsdale, Arizona",2023-05-04,1069183,1993,0.15815903337010884
BKR,Baker Hughes,Energy,Oil & Gas Equipment & Services,"Houston, Texas",2017-07-07,1701605,2017,0.7024736103449225
BALL,Ball Corporation,Materials,"Metal, Glass & Plastic Containers","Broomfield, Colorado",1984-10-31,9389,1880,-3.115592442444237
BAC,Bank of America,Financials,Diversified Banks,"Charlotte, North Carolina",1976-06-30,70858,1998 (1923 / 1874),0.9491268436617961
BK,Bank of New York Mellon,Financials,Asset Management & Custody Banks,"New York City, New York",1995-03-31,1390777,1784,0.300847614348454
BBWI,"Bath & Body Works, Inc.",Consumer Discretionary,Other Specialty Retail,"Columbus, Ohio",1983-09-30,701985,1963,-0.6649222874341332
BAX,Baxter International,Health Care,Health Care Equipment,"Deerfield, Illinois",1972-09-30,10456,1931,-0.5160697076024956
BDX,Becton Dickinson,Health Care,Health Care Equipment,"Franklin Lakes, New Jersey",1972-09-30,10795,1897,0.2846427942065022
BRK.B,Berkshire Hathaway,Financials,Multi-Sector Holdings,"Omaha, Nebraska",2010-02-16,1067983,1839,
BBY,Best Buy,Consumer Discretionary,Computer & Electronics Retail,"Richfield, Minnesota",1999-06-29,764478,1966,1.3806645598748224
BIO,Bio-Rad,Health Care,Life Sciences Tools & Services,"Hercules, California",2020-06-22,12208,1952,-0.8790532111144334
TECH,Bio-Techne,Health Care,Life Sciences Tools & Services,"Minneapolis, Minnesota",2021-08-30,842023,1976,0.0
BIIB,Biogen,Health Care,Biotechnology,"Cambridge, Massachusetts",2003-11-13,875045,1978,0.1501352679549317
BLK,BlackRock,Financials,Asset Management & Custody Banks,"New York City, New York",2011-04-04,1364742,1988,0.10882055197165563
BX,Blackstone,Financials,Asset Management & Custody Banks,"New York City, New York",2023-09-18,1393818,1985,0.4747824036289261
BA,Boeing,Industrials,Aerospace & Defense,"Arlington, Virginia",1957-03-04,12927,1916,-2.051686571350342
BKNG,Booking Holdings,Consumer Discretionary,"Hotels, Resorts & Cruise Lines","Norwalk, Connecticut",2009-11-06,1075531,1996,0.7501771732870477
BWA,BorgWarner,Consumer Discretionary,Automotive Parts & Equipment,"Auburn Hills, Michigan",2011-12-19,908255,1880,-0.9490769501132035
BXP,Boston Properties,Real Estate,Office REITs,"Boston, Massachusetts",2006-04-03,1037540,1970,1.1554093989545766
BSX,Boston Scientific,Health Care,Health Care Equipment,"Marlborough, Massachusetts",1995-02-24,885725,1979,0.3675006829304328
BMY,Bristol Myers Squibb,Health Care,Pharmaceuticals,"New York City, New York",1957-03-04,14272,1989 (1887),-2.097878592630942
AVGO,Broadcom Inc.,Information Technology,Semiconductors,"Palo Alto, California",2014-05-08,1730168,1961,-0.7583915288794874
BR,Broadridge Financial Solutions,Industrials,Data Processing & Outsourced Services,"Lake Success, New York",2018-06-18,1383312,1962,0.8550480615199918
BRO,Brown & Brown,Financials,Insurance Brokers,"Daytona Beach, Florida",2021-09-20,79282,1939,0.5923893140709957
BF.B,Brown–Forman,Consumer Staples,Distillers & Vintners,"Louisville, Kentucky",1982-10-31,14693,1870,
BLDR,Builders FirstSource,Industrials,Building Products,"Irving, Texas",2023-12-18,1316835,1998,-0.3434932400497748
BG,Bunge Global SA,Consumer Staples,Agricultural Products & Services,"Chesterfield, Missouri",2023-03-15,1996862,1818,-1.1749919153461685
CDNS,Cadence Design Systems,Information Technology,Application Software,"San Jose, California",2017-09-18,813672,1988,0.9438675706848976
CZR,Caesars Entertainment,Consumer Discretionary,Casinos & Gaming,"Reno, Nevada",2021-03-22,1590895,1973,3.1838359908248792
CPT,Camden Property Trust,Real Estate,Multi-Family Residential REITs,"Houston, Texas",2022-04-04,906345,1981,0.07373440650202401
CPB,Campbell Soup Company,Consumer Staples,Packaged Foods & Meats,"Camden, New Jersey",1957-03-04,16732,1869,0.23379991670691158
COF,Capital One,Financials,Consumer Finance,"Tysons Corner, Virginia",1998-07-01,927628,1994,0.612688767684233
CAH,Cardinal Health,Health Care,Health Care Distributors,"Dublin, Ohio",1997-05-27,721371,1971,2.2734084870913884
KMX,CarMax,Consumer Discretionary,Automotive Retail,"Richmond, Virginia",2010-06-28,1170010,1993,-0.16741454530011524
CCL,Carnival,Consumer Discretionary,"Hotels, Resorts & Cruise Lines","Miami, Florida",1998-12-22,815097,1972,1.7527124254892446
CARR,Carrier Global,Industrials,Building Products,"Palm Beach Gardens, Florida",2020-04-03,1783180,"2020 (1915, United Technologies spinoff)",0.9060139941741596
CTLT,Catalent,Health Care,Pharmaceuticals,"Somerset, New Jersey",2020-09-21,1596783,2007,-0.10867154426492664
CAT,Caterpillar Inc.,Industrials,Construction Machinery & Heavy Transportation Equipment,"Irving, Texas",1957-03-04,18230,1925,0.8126535877133856
CBOE,Cboe Global Markets,Financials,Financial Exchanges & Data,"Chicago, Illinois",2017-03-01,1374310,1973,-0.5726235267812907
CBRE,CBRE Group,Real Estate,Real Estate Services,"Dallas, Texas",2006-11-10,1138118,1906,1.3391302874728117
CDW,CDW,Information Technology,Technology Distributors,"Vernon Hills, Illinois",2019-09-23,1402057,1984,1.864369828544743
CE,Celanese,Materials,Specialty Chemicals,"Irving, Texas",2018-12-24,1306830,1918,-0.07893836062686788
COR,Cencora,Health Care,Health Care Distributors,"Conshohocken, Pennsylvania",2001-08-30,1140859,1985,0.7733287026017832
CNC,Centene Corporation,Health Care,Managed Health Care,"St. Louis, Missouri",2016-03-30,1071739,1984,-1.488268966373607
CNP,CenterPoint Energy,Utilities,Multi-Utilities,"Houston, Texas",1985-07-31,1130310,1882,0.3258402728235632
CF,CF Industries,Materials,Fertilizers & Agricultural Chemicals,"Deerfield, Illinois",2008-08-27,1324404,1946,-0.6011884828502012
CHRW,CH Robinson,Industrials,Air Freight & Logistics,"Eden Prairie, Minnesota",2007-03-02,1043277,1905,0.850810840995786
CRL,Charles River Laboratories,Health Care,Life Sciences Tools & Services,"Wilmington, Massachusetts",2021-05-14,1100682,1947,0.386254335989733
SCHW,Charles Schwab Corporation,Financials,Investment Banking & Brokerage,"Westlake, Texas",1997-06-02,316709,1971,0.24721921605741493
CHTR,Charter Communications,Communication Services,Cable & Satellite,"Stamford, Connecticut",2016-09-08,1091667,1993,-0.9092519645123143
CVX,Chevron Corporation,Energy,Integrated Oil & Gas,"San Ramon, California",1957-03-04,93410,1879,-0.17625449974401075
CMG,Chipotle Mexican Grill,Consumer Discretionary,Restaurants,"Newport Beach, California",2011-04-28,1058090,1993,2.3684715273003976
CB,Chubb Limited,Financials,Property & Casualty Insurance,"Zurich, Switzerland",2010-07-15,896159,1985,0.981895346198125
CHD,Church & Dwight,Consumer Staples,Household Products,"Ewing, New Jersey",2015-12-29,313927,1847,0.4940469085596533
CI,Cigna,Health Care,Health Care Services,"Bloomfield, Connecticut",1976-06-30,1739940,1982,0.687335570436054
CINF,Cincinnati Financial,Financials,Property & Casualty Insurance,"Fairfield, Ohio",1997-12-18,20286,1950,0.29013285510572917
CTAS,Cintas,Industrials,Diversified Support Services,"Mason, Ohio",2001-03-01,723254,1929,0.551286950215335
CSCO,Cisco,Information Technology,Communications Equipment,"San Jose, California",1993-12-01,858877,1984,0.20529567494804724
C,Citigroup,Financials,Diversified Banks,"New York City, New York",1988-05-31,831001,1998,1.132201614431172
CFG,Citizens Financial Group,Financials,Regional Banks,"Providence, Rhode Island",2016-01-29,759944,1828,1.1014523713485103
CLX,Clorox,Consumer Staples,Household Products,"Oakland, California",1969-03-31,21076,1913,0.4028603260111563
CME,CME Group,Financials,Financial Exchanges & Data,"Chicago, Illinois",2006-08-11,1156375,1848,0.18058446153992325
CMS,CMS Energy,Utilities,Multi-Utilities,"Jackson, Michigan",1957-03-04,811156,1886,-0.7586022454719177
KO,Coca-Cola Company (The),Consumer Staples,Soft Drinks & Non-alcoholic Beverages,"Atlanta, Georgia",1957-03-04,21344,1886,-0.030178873484909552
CTSH,Cognizant,Information Technology,IT Consulting & Other Services,"Teaneck, New Jersey",2006-11-17,1058290,1994,0.663927366110939
CL,Colgate-Palmolive,Consumer Staples,Household Products,"New York City, New York",1957-03-04,21665,1806,0.7139189262901136
CMCSA,Comcast,Communication Services,Cable & Satellite,"Philadelphia, Pennsylvania",2002-11-19,1166691,1963,-0.8844862474085113
CMA,Comerica,Financials,Diversified Banks,"Dallas, Texas",1995-12-01,28412,1849,0.2761198988149083
CAG,Conagra Brands,Consumer Staples,Packaged Foods & Meats,"Chicago, Illinois",1983-08-31,23217,1919,0.0
COP,ConocoPhillips,Energy,Oil & Gas Exploration & Production,"Houston, Texas",1957-03-04,1163165,2002,-0.3103925182065259
ED,Consolidated Edison,Utilities,Multi-Utilities,"New York City, New York",1957-03-04,1047862,1823,-0.32542544288992614
STZ,Constellation Brands,Consumer Staples,Distillers & Vintners,"Victor, New York",2005-07-01,16918,1945,0.12960141138855796
CEG,Constellation Energy,Utilities,Electric Utilities,"Baltimore, Maryland",2022-02-02,1868275,1999,3.2803517078119793
COO,CooperCompanies,Health Care,Health Care Supplies,"San Ramon, California",2016-09-23,711404,1958,-0.3553947931155932
CPRT,Copart,Industrials,Diversified Support Services,"Dallas, Texas",2018-07-02,900075,1982,0.17479525919097405
GLW,Corning Inc.,Information Technology,Electronic Components,"Corning, New York",1995-02-27,24741,1851,1.3677387852822687
CPAY,Corpay,Financials,Transaction & Payment Processing Services,"Atlanta, Georgia",2018-06-20,1175454,2000,0.40975385836721223
CTVA,Corteva,Materials,Fertilizers & Agricultural Chemicals,"Indianapolis, Indiana",2019-06-03,1755672,2019,-0.5380526307996236
CSGP,CoStar Group,Real Estate,Real Estate Services,"Washington, D.C.",2022-09-19,1057352,1987,-0.9016339620635638
COST,Costco,Consumer Staples,Consumer Staples Merchandise Retail,"Issaquah, Washington",1993-10-01,909832,1976,0.5000549584358804
CTRA,Coterra,Energy,Oil & Gas Exploration & Production,"Houston, Texas",2008-06-23,858470,2021 (1989),0.749909120237402
CCI,Crown Castle,Real Estate,Telecom Tower REITs,"Houston, Texas",2012-03-14,1051470,1994,-0.13493591276673156
CSX,CSX,Industrials,Rail Transportation,"Jacksonville, Florida",1957-03-04,277948,1980,0.19932114533096623
CMI,Cummins,Industrials,Construction Machinery & Heavy Transportation Equipment,"Columbus, Indiana",1965-03-31,26172,1919,1.2041050557238808
CVS,CVS Health,Health Care,Health Care Services,"Woonsocket, Rhode Island",1957-03-04,64803,1996,0.2920250971985894
DHR,Danaher Corporation,Health Care,Life Sciences Tools & Services,"Washington, D.C.",1998-11-18,313616,1969,0.9667081845661896
DRI,Darden Restaurants,Consumer Discretionary,Restaurants,"Orlando, Florida",1995-05-31,940944,1938,-0.5436949498058619
DVA,DaVita Inc.,Health Care,Health Care Services,"Denver, Colorado",2008-07-31,927066,1979,-0.13452452139379734
DAY,Dayforce,Industrials,Human Resource & Employment Services,"Minneapolis, Minnesota",2021-09-20,1725057,1992,-0.3098736063142482
DECK,Deckers Brands,Consumer Discretionary,Footwear,"Goleta, California",2024-03-18,910521,1973,-0.690912768596319
DE,John Deere,Industrials,Agricultural & Farm Machinery,"Moline, Illinois",1957-03-04,315189,1837,0.6908905407820631
DAL,Delta Air Lines,Industrials,Passenger Airlines,"Atlanta, Georgia",2013-09-11,27904,1929,-0.48259643142009034
DVN,Devon Energy,Energy,Oil & Gas Exploration & Production,"Oklahoma City, Oklahoma",2000-08-30,1090012,1971,0.08741459133427831
DXCM,Dexcom,Health Care,Health Care Equipment,"San Diego, California",2020-05-12,1093557,1999,0.5577975909104582
FANG,Diamondback Energy,Energy,Oil & Gas Exploration & Production,"Midland, Texas",2018-12-03,1539838,2007,0.5544937931645011
DLR,Digital Realty,Real Estate,Data Center REITs,"Austin, Texas",2016-05-18,1297996,2004,0.8187378469080908
DFS,Discover Financial,Financials,Consumer Finance,"Riverwoods, Illinois",2007-07-02,1393612,1985,0.7040029772299894
DG,Dollar General,Consumer Staples,Consumer Staples Merchandise Retail,"Goodlettsville, Tennessee",2012-12-03,29534,1939,-0.3901038292718373
DLTR,Dollar Tree,Consumer Staples,Consumer Staples Merchandise Retail,"Chesapeake, Virginia",2011-12-19,935703,1986,-1.5784665837088485
D,Dominion Energy,Utilities,Multi-Utilities,"Richmond, Virginia",2016-11-30,715957,1983,0.16177556142198402
DPZ,Domino's,Consumer Discretionary,Restaurants,"Ann Arbor, Michigan",2020-05-12,1286681,1960,0.17946052654065348
DOV,Dover Corporation,Industrials,Industrial Machinery & Supplies & Components,"Downers Grove, Illinois",1985-10-31,29905,1955,1.4004406770397049
DOW,Dow Inc.,Materials,Commodity Chemicals,"Midland, Michigan",2019-04-01,1751788,2019 (1897),0.5793947084491657
DHI,DR Horton,Consumer Discretionary,Homebuilding,"Arlington, Texas",2005-06-22,882184,1978,-2.729369932132153
DTE,DTE Energy,Utilities,Multi-Utilities,"Detroit, Michigan",1957-03-04,936340,1995,-0.1715442738729367
DUK,Duke Energy,Utilities,Electric Utilities,"Charlotte, North Carolina",1976-06-30,1326160,1904,-0.6002017248183389
DD,DuPont,Materials,Specialty Chemicals,"Wilmington, Delaware",2019-04-02,1666700,2017 (1802),0.07211969478626568
EMN,Eastman Chemical Company,Materials,Specialty Chemicals,"Kingsport, Tennessee",1994-01-01,915389,1920,-0.3526077640424896
ETN,Eaton Corporation,Industrials,Electrical Components & Equipment,"Dublin, Ireland",1957-03-04,1551182,1911,1.0835227490717303
EBAY,eBay,Consumer Discretionary,Broadline Retail,"San Jose, California",2002-07-22,1065088,1995,1.4490035126226708
ECL,Ecolab,Materials,Specialty Chemicals,"Saint Paul, Minnesota",1989-01-31,31462,1923,0.5756616664643222
EIX,Edison International,Utilities,Electric Utilities,"Rosemead, California",1957-03-04,827052,1886,0.2376599634369203
EW,Edwards Lifesciences,Health Care,Health Care Equipment,"Irvine, California",2011-04-01,1099800,1958,-0.48348772310401467
EA,Electronic Arts,Communication Services,Interactive Home Entertainment,"Redwood City, California",2002-07-22,712515,1982,-0.21085820454210813
ELV,Elevance Health,Health Care,Managed Health Care,"Indianapolis, Indiana",2002-07-25,1156039,2014 (1946),-0.24514344597923454
LLY,Eli Lilly and Company,Health Care,Pharmaceuticals,"Indianapolis, Indiana",1970-12-31,59478,1876,0.46213780354820155
EMR,Emerson Electric,Industrials,Electrical Components & Equipment,"Ferguson, Missouri",1965-03-31,32604,1890,0.4284242085365042
ENPH,Enphase,Information Technology,Semiconductor Materials & Equipment,"Fremont, California",2021-01-07,1463101,2006,-0.28966189590103886
ETR,Entergy,Utilities,Electric Utilities,"New Orleans, Louisiana",1957-03-04,65984,1913,0.10096736301894449
EOG,EOG Resources,Energy,Oil & Gas Exploration & Production,"Houston, Texas",2000-11-02,821189,1999,0.11756750713445285
EPAM,EPAM Systems,Information Technology,IT Consulting & Other Services,"Newtown, Pennsylvania",2021-12-14,1352010,1993,-1.5055058446955316
EQT,EQT Corporation,Energy,Oil & Gas Exploration & Production,"Pittsburgh, Pennsylvania",2022-10-03,33213,1888,0.051854959610886375
EFX,Equifax,Industrials,Research & Consulting Services,"Atlanta, Georgia",1997-06-19,33185,1899,1.1085521282802935
EQIX,Equinix,Real Estate,Data Center REITs,"Redwood City, California",2015-03-20,1101239,1998,0.8093054474985317
EQR,Equity Residential,Real Estate,Multi-Family Residential REITs,"Chicago, Illinois",2001-12-03,906107,1969,0.8058512137181006
ESS,Essex Property Trust,Real Estate,Multi-Family Residential REITs,"San Mateo, California",2014-04-02,920522,1971,0.6843427546276759
EL,Estée Lauder Companies (The),Consumer Staples,Personal Care Products,"New York City, New York",2006-01-05,1001250,1946,-1.9933852457149293
ETSY,Etsy,Consumer Discretionary,Broadline Retail,"New York City, New York",2020-09-21,1370637,2005,-0.7325388408636391
EG,Everest Re,Financials,Reinsurance,"Hamilton, Bermuda",2017-06-19,1095073,1973,0.46759456402976074
EVRG,Evergy,Utilities,Electric Utilities,"Kansas City, Missouri",2018-06-05,1711269,1909,0.9121998327245695
ES,Eversource,Utilities,Electric Utilities,"Hartford, Connecticut",2009-07-24,72741,1966,0.7632239636827576
EXC,Exelon,Utilities,Electric Utilities,"Chicago, Illinois",1957-03-04,1109357,2000,-0.4239336092960122
EXPE,Expedia Group,Consumer Discretionary,"Hotels, Resorts & Cruise Lines","Seattle, Washington",2007-10-02,1324424,1996,1.4910925112207263
EXPD,Expeditors International,Industrials,Air Freight & Logistics,"Seattle, Washington",2007-10-10,746515,1979,0.816208920478001
EXR,Extra Space Storage,Real Estate,Self-Storage REITs,"Salt Lake City, Utah",2016-01-19,1289490,1977,1.7300320266125935
XOM,ExxonMobil,Energy,Integrated Oil & Gas,"Irving, Texas",1957-03-04,34088,1999,0.45219440846211434
FFIV,"F5, Inc.",Information Technology,Communications Equipment,"Seattle, Washington",2010-12-20,1048695,1996,0.29518463234590175
FDS,FactSet,Financials,Financial Exchanges & Data,"Norwalk, Connecticut",2021-12-20,1013237,1978,0.5101619338148344
FICO,Fair Isaac,Information Technology,Application Software,"Bozeman, Montana",2023-03-20,814547,1956,1.073790396031571
FAST,Fastenal,Industrials,Trading Companies & Distributors,"Winona, Minnesota",2008-09-15,815556,1967,0.17077002748524528
FRT,Federal Realty,Real Estate,Retail REITs,"Rockville, Maryland",2016-02-01,34903,1962,0.21894265919470968
FDX,FedEx,Industrials,Air Freight & Logistics,"Memphis, Tennessee",1980-12-31,1048911,1971,0.07198589791561627
FIS,Fidelity National Information Services,Financials,Transaction & Payment Processing Services,"Jacksonville, Florida",2006-11-10,1136893,1968,2.0099825592368115
FITB,Fifth Third Bank,Financials,Diversified Banks,"Cincinnati, Ohio",1996-03-29,35527,1858,0.4207509249971597
FSLR,First Solar,Information Technology,Semiconductors,"Tempe, Arizona",2022-12-19,1274494,1999,-0.39030691695605135
FE,FirstEnergy,Utilities,Electric Utilities,"Akron, Ohio",1997-11-28,1031296,1997,0.196121717966391
FI,Fiserv,Financials,Transaction & Payment Processing Services,"Brookfield, Wisconsin",2001-04-02,798354,1984,-0.0333954806549297
FMC,FMC Corporation,Materials,Fertilizers & Agricultural Chemicals,"Philadelphia, Pennsylvania",2009-08-19,37785,1883,-1.8051869927756647
F,Ford Motor Company,Consumer Discretionary,Automobile Manufacturers,"Dearborn, Michigan",1957-03-04,37996,1903,-0.37974746704914075
FTNT,Fortinet,Information Technology,Systems Software,"Sunnyvale, California",2018-10-11,1262039,2000,-1.0835807040214696
FTV,Fortive,Industrials,Industrial Machinery & Supplies & Components,"Everett, Washington",2016-07-01,1659166,2016,-0.3892856662735422
FOXA,Fox Corporation (Class A),Communication Services,Broadcasting,"New York City, New York",2019-03-04,1754301,2019,0.4485691747579734
FOX,Fox Corporation (Class B),Communication Services,Broadcasting,"New York City, New York",2019-03-04,1754301,2019,0.5961954941947623
BEN,Franklin Templeton,Financials,Asset Management & Custody Banks,"San Mateo, California",1998-04-30,38777,1947,0.38357848558927543
FCX,Freeport-McMoRan,Materials,Copper,"Phoenix, Arizona",2011-07-01,831259,1912,0.5818906805876933
GRMN,Garmin,Consumer Discretionary,Consumer Electronics,"Schaffhausen, Switzerland",2012-12-12,1121788,1989,-0.3805368675848353
IT,Gartner,Information Technology,IT Consulting & Other Services,"Stamford, Connecticut",2017-04-05,749251,1979,0.051957574162431186
GE,GE Aerospace,Industrials,Aerospace & Defense,"Evendale, Ohio",1957-03-04,40545,1892,0.03063349449647923
GEHC,GE HealthCare,Health Care,Health Care Equipment,"Chicago, Illinois",2023-01-04,1932393,1994,1.2572513678308583
GEV,GE Vernova,Industrials,Heavy Electrical Equipment,"Cambridge, Massachusetts",2024-04-02,1996810,2024,4.512328597436399
GEN,Gen Digital,Information Technology,Systems Software,"Tempe, Arizona",2003-03-25,849399,1982,-1.5407334862378996
GNRC,Generac,Industrials,Electrical Components & Equipment,"Waukesha, Wisconsin",2021-03-22,1474735,1959,1.4458069935572082
GD,General Dynamics,Industrials,Aerospace & Defense,"Falls Church, Virginia",1957-03-04,40533,1899,0.4968934551876192
GIS,General Mills,Consumer Staples,Packaged Foods & Meats,"Golden Valley, Minnesota",1957-03-04,40704,1856,0.7090077149071838
GM,General Motors,Consumer Discretionary,Automobile Manufacturers,"Detroit, Michigan",2013-06-06,1467858,1908,0.13712790003497233
GPC,Genuine Parts Company,Consumer Discretionary,Distributors,"Atlanta, Georgia",1973-12-31,40987,1925,0.15546732579403422
GILD,Gilead Sciences,Health Care,Biotechnology,"Foster City, California",2004-07-01,882095,1987,-2.0382723308187356
GPN,Global Payments,Financials,Transaction & Payment Processing Services,"Atlanta, Georgia",2016-04-25,1123360,2000,-1.5656632551487637
GL,Globe Life,Financials,Life & Health Insurance,"McKinney, Texas",1989-04-30,320335,1900,0.312812819979702
GS,Goldman Sachs,Financials,Investment Banking & Brokerage,"New York City, New York",2002-07-22,886982,1869,1.1517609940359996
HAL,Halliburton,Energy,Oil & Gas Equipment & Services,"Houston, Texas",1957-03-04,45012,1919,-0.6282547240418768
HIG,Hartford (The),Financials,Property & Casualty Insurance,"Hartford, Connecticut",1957-03-04,874766,1810,1.1270237696640262
HAS,Hasbro,Consumer Discretionary,Leisure Products,"Pawtucket, Rhode Island",1984-09-30,46080,1923,-1.3640794537363554
HCA,HCA Healthcare,Health Care,Health Care Facilities,"Nashville, Tennessee",2015-01-27,860730,1968,0.9687900522174608
DOC,Healthpeak,Real Estate,Health Care REITs,"Denver, Colorado",2008-03-31,765880,1985,0.28409247645566627
HSIC,Henry Schein,Health Care,Health Care Distributors,"Melville, New York",2015-03-17,1000228,1932,2.417646519708394
HSY,Hershey's,Consumer Staples,Packaged Foods & Meats,"Hershey, Pennsylvania",1957-03-04,47111,1894,-0.7320384133026936
HES,Hess Corporation,Energy,Integrated Oil & Gas,"New York City, New York",1984-05-31,4447,1919,-0.21590580487560462
HPE,Hewlett Packard Enterprise,Information Technology,"Technology Hardware, Storage & Peripherals","Houston, Texas",2015-11-02,1645590,2015,1.327791161702141
HLT,Hilton Worldwide,Consumer Discretionary,"Hotels, Resorts & Cruise Lines","Tysons Corner, Virginia",2017-06-19,1585689,1919,0.3960516833725114
HOLX,Hologic,Health Care,Health Care Equipment,"Marlborough, Massachusetts",2016-03-30,859737,1985,0.03500143605219552
HD,Home Depot (The),Consumer Discretionary,Home Improvement Retail,"Atlanta, Georgia",1988-03-31,354950,1978,1.2589657937678744
HON,Honeywell,Industrials,Industrial Conglomerates,"Charlotte, North Carolina",1957-03-04,773840,1906,-0.20995143752625678
HRL,Hormel Foods,Consumer Staples,Packaged Foods & Meats,"Austin, Minnesota",2009-03-04,48465,1891,-0.5692883486127065
HST,Host Hotels & Resorts,Real Estate,Hotel & Resort REITs,"Bethesda, Maryland",2007-03-20,1070750,1993,-0.3340727672656474
HWM,Howmet Aerospace,Industrials,Aerospace & Defense,"Pittsburgh, Pennsylvania",2016-10-21,4281,1888,0.03749847412108931
HPQ,HP Inc.,Information Technology,"Technology Hardware, Storage & Peripherals","Palo Alto, California",1974-12-31,47217,1939 (2015),1.1550261953868102
HUBB,Hubbell Incorporated,Industrials,Industrial Machinery & Supplies & Components,"Shelton, Connecticut",2023-10-18,48898,1888,0.850298738482036
HUM,Humana,Health Care,Managed Health Care,"Louisville, Kentucky",2012-12-10,49071,1961,0.48698409185872205
HBAN,Huntington Bancshares,Financials,Regional Banks,"Columbus, Ohio; Detroit, Michigan",1997-08-28,49196,1866,0.766741813737637
HII,Huntington Ingalls Industries,Industrials,Aerospace & Defense,"Newport News, Virginia",2018-01-03,1501585,2011,0.6693364976895877
IBM,IBM,Information Technology,IT Consulting & Other Services,"Armonk, New York",1957-03-04,51143,1911,-0.15044535859144448
IEX,IDEX Corporation,Industrials,Industrial Machinery & Supplies & Components,"Lake Forest, Illinois",2019-08-09,832101,1988,0.39693117698527125
IDXX,Idexx Laboratories,Health Care,Health Care Equipment,"Westbrook, Maine",2017-01-05,874716,1983,-0.07534240980134888
ITW,Illinois Tool Works,Industrials,Industrial Machinery & Supplies & Components,"Glenview, Illinois",1986-02-28,49826,1912,0.5063849045075619
ILMN,Illumina,Health Care,Life Sciences Tools & Services,"San Diego, California",2015-11-19,1110803,1998,-0.7243063333068234
INCY,Incyte,Health Care,Biotechnology,"Wilmington, Delaware",2017-02-28,879169,1991,-1.587173319000279
IR,Ingersoll Rand,Industrials,Industrial Machinery & Supplies & Components,"Davidson, North Carolina",2020-03-03,1699150,1859,1.0074970860293186
PODD,Insulet,Health Care,Health Care Equipment,"Acton, Massachusetts",2023-03-15,1145197,2000,-0.5191526265037494
INTC,Intel,Information Technology,Semiconductors,"Santa Clara, California",1976-12-31,50863,1968,-1.032923497587368
ICE,Intercontinental Exchange,Financials,Financial Exchanges & Data,"Atlanta, Georgia",2007-09-26,1571949,2000,-0.02570019302032822
IFF,International Flavors & Fragrances,Materials,Specialty Chemicals,"New York City, New York",1976-03-31,51253,1958 (1889),1.360752367727791
IP,International Paper,Materials,Paper & Plastic Packaging Products & Materials,"Memphis, Tennessee",1957-03-04,51434,1898,1.6200146080123101
IPG,Interpublic Group of Companies (The),Communication Services,Advertising,"New York City, New York",1992-10-01,51644,1961 (1930),0.0338073999581745
INTU,Intuit,Information Technology,Application Software,"Mountain View, California",2000-12-05,896878,1983,0.5352478725016541
ISRG,Intuitive Surgical,Health Care,Health Care Equipment,"Sunnyvale, California",2008-06-02,1035267,1995,1.3744194563044987
IVZ,Invesco,Financials,Asset Management & Custody Banks,"Atlanta, Georgia",2008-08-21,914208,1935,0.6511327349914886
INVH,Invitation Homes,Real Estate,Single-Family Residential REITs,"Dallas, Texas",2022-09-19,1687229,2012,0.28161727272659753
IQV,IQVIA,Health Care,Life Sciences Tools & Services,"Durham, North Carolina",2017-08-29,1478242,1982,1.2703878501931998
IRM,Iron Mountain,Real Estate,Other Specialized REITs,"Boston, Massachusetts",2009-01-06,1020569,1951,0.06797914384308879
JBHT,J.B. Hunt,Industrials,Cargo Ground Transportation,"Lowell, Arkansas",2015-07-01,728535,1961,-0.17720320804438527
JBL,Jabil,Information Technology,Electronic Manufacturing Services,"St. Petersburg, Florida",2023-12-18,898293,1966,2.0967166698036888
JKHY,Jack Henry & Associates,Financials,Transaction & Payment Processing Services,"Monett, Missouri",2018-11-13,779152,1976,-0.33931021653816895
J,Jacobs Solutions,Industrials,Construction & Engineering,"Dallas, Texas",2007-10-26,52988,1947,0.4405251477822336
JNJ,Johnson & Johnson,Health Care,Pharmaceuticals,"New Brunswick, New Jersey",1973-06-30,200406,1886,-0.4145226037610694
JCI,Johnson Controls,Industrials,Building Products,"Cork, Ireland",2010-08-27,833444,1885,-0.9810998833190254
JPM,JPMorgan Chase,Financials,Diversified Banks,"New York City, New York",1975-06-30,19617,2000 (1799 / 1871),0.8975279712516882
JNPR,Juniper Networks,Information Technology,Communications Equipment,"Sunnyvale, California",2006-06-02,1043604,1996,0.11971702038402476
K,Kellanova,Consumer Staples,Packaged Foods & Meats,"Chicago, Illinois",1989-09-11,55067,1906,0.6882338837405966
KVUE,Kenvue,Consumer Staples,Personal Care Products,"Skillman, New Jersey",2023-08-25,1944048,2022 (Johnson & Johnson spinoff),-1.2240630036100542
KDP,Keurig Dr Pepper,Consumer Staples,Soft Drinks & Non-alcoholic Beverages,"Burlington, Massachusetts",2022-06-21,1418135,1981,-0.630145346679456
KEY,KeyCorp,Financials,Regional Banks,"Cleveland, Ohio",1994-03-01,91576,1825,0.33185192645370787
KEYS,Keysight,Information Technology,Electronic Equipment & Instruments,"Santa Rosa, California",2018-11-06,1601046,2014 (1939),-0.014606990074261805
KMB,Kimberly-Clark,Consumer Staples,Household Products,"Irving, Texas",1957-03-04,55785,1872,0.6336770444903772
KIM,Kimco Realty,Real Estate,Retail REITs,"New Hyde Park, New York",2006-04-04,879101,1958,0.1070688299621203
KMI,Kinder Morgan,Energy,Oil & Gas Storage & Transportation,"Houston, Texas",2012-05-25,1506307,1997,0.5846455041795373
KLAC,KLA Corporation,Information Technology,Semiconductor Materials & Equipment,"Milpitas, California",1997-09-30,319201,1975/1977 (1997),2.479736555448109
KHC,Kraft Heinz,Consumer Staples,Packaged Foods & Meats,"Chicago, Illinois; Pittsburgh, Pennsylvania",2015-07-06,1637459,2015 (1869),-0.8353515385096766
KR,Kroger,Consumer Staples,Food Retail,"Cincinnati, Ohio",1957-03-04,56873,1883,1.6552423767514535
LHX,L3Harris,Industrials,Aerospace & Defense,"Melbourne, Florida",2008-09-22,202058,"2019 (L3 1997, Harris 1895)",0.46671746245974255
LH,LabCorp,Health Care,Health Care Services,"Burlington, North Carolina",2004-11-01,920148,1978,1.2080758027821936
LRCX,Lam Research,Information Technology,Semiconductor Materials & Equipment,"Fremont, California",2012-06-29,707549,1980,2.126531688051281
LW,Lamb Weston,Consumer Staples,Packaged Foods & Meats,"Eagle, Idaho",2018-12-03,1679273,2016 (1950),-1.647339626379507
LVS,Las Vegas Sands,Consumer Discretionary,Casinos & Gaming,"Las Vegas, Nevada",2019-10-03,1300514,1988,-0.7869200348251337
LDOS,Leidos,Industrials,Diversified Support Services,"Reston, Virginia",2019-08-09,1336920,1969,0.2850018492769779
LEN,Lennar,Consumer Discretionary,Homebuilding,"Miami, Florida",2005-10-04,920760,1954,-5.031627548652196
LIN,Linde plc,Materials,Industrial Gases,"Guildford, United Kingdom",1992-07-01,1707925,1879,-0.6195699239896713
LYV,Live Nation Entertainment,Communication Services,Movies & Entertainment,"Beverly Hills, California",2019-12-23,1335258,2010,0.5584399554503516
LKQ,LKQ Corporation,Consumer Discretionary,Distributors,"Chicago, Illinois",2016-05-23,1065696,1998,0.04908355975099532
LMT,Lockheed Martin,Industrials,Aerospace & Defense,"Bethesda, Maryland",1957-03-04,936468,1995,0.16448549416123726
L,Loews Corporation,Financials,Multi-line Insurance,"New York City, New York",1995-05-31,60086,1959,1.2764248054230487
LOW,Lowe's,Consumer Discretionary,Home Improvement Retail,"Mooresville, North Carolina",1984-02-29,60667,1904/1946/1959,0.3593960515285044
LULU,Lululemon Athletica,Consumer Discretionary,"Apparel, Accessories & Luxury Goods","Vancouver, Canada",2023-10-18,1397187,1998,-0.28123258205664525
LYB,LyondellBasell,Materials,Specialty Chemicals,"Rotterdam, Netherlands",2012-09-05,1489393,2007,1.3943642688035052
MTB,M&T Bank,Financials,Regional Banks,"Buffalo, New York",2004-02-23,36270,1856,1.5332559732328832
MRO,Marathon Oil,Energy,Oil & Gas Exploration & Production,"Houston, Texas",1957-03-04,101778,1887,-0.13176902817654268
MPC,Marathon Petroleum,Energy,Oil & Gas Refining & Marketing,"Findlay, Ohio",2011-07-01,1510295,2009 (1887),0.01746857278472902
MKTX,MarketAxess,Financials,Financial Exchanges & Data,"New York City, New York",2019-07-01,1278021,2000,-1.3693798751911235
MAR,Marriott International,Consumer Discretionary,"Hotels, Resorts & Cruise Lines","Bethesda, Maryland",1998-05-29,1048286,1927,-0.6456893546218034
MMC,Marsh McLennan,Financials,Insurance Brokers,"New York City, New York",1987-08-31,62709,1905,0.567320784797487
MLM,Martin Marietta Materials,Materials,Construction Materials,"Raleigh, North Carolina",2014-07-02,916076,1993,-2.2686912314637264
MAS,Masco,Industrials,Building Products,"Livonia, Michigan",1981-06-30,62996,1929,0.40277103310149
MA,Mastercard,Financials,Transaction & Payment Processing Services,"Harrison, New York",2008-07-18,1141391,1966,0.3325122850775353
MTCH,Match Group,Communication Services,Interactive Media & Services,"Dallas, Texas",2021-09-20,891103,1986,-0.6385121032321472
MKC,McCormick & Company,Consumer Staples,Packaged Foods & Meats,"Hunt Valley, Maryland",2003-03-20,63754,1889,-1.0002873650622246
MCD,McDonald's,Consumer Discretionary,Restaurants,"Chicago, Illinois",1970-06-30,63908,1940,-1.467398249106433
MCK,McKesson Corporation,Health Care,Health Care Distributors,"Irving, Texas",1999-01-13,927653,1833,0.2678007453756681
MDT,Medtronic,Health Care,Health Care Equipment,"Dublin, Ireland",1986-10-31,1613103,1949,-0.9130653601045702
MRK,Merck & Co.,Health Care,Pharmaceuticals,"Kenilworth, New Jersey",1957-03-04,310158,1891,0.25882496553308876
META,Meta Platforms,Communication Services,Interactive Media & Services,"Menlo Park, California",2013-12-23,1326801,2004,-1.7468381300398295
MET,MetLife,Financials,Life & Health Insurance,"New York City, New York",2000-12-11,1099219,1868,0.8503949130036714
MTD,Mettler Toledo,Health Care,Life Sciences Tools & Services,"Columbus, Ohio",2016-09-06,1037646,1945,2.4638091744975776
MGM,MGM Resorts,Consumer Discretionary,Casinos & Gaming,"Paradise, Nevada",2017-07-26,789570,1986,-0.1980639206890511
MCHP,Microchip Technology,Information Technology,Semiconductors,"Chandler, Arizona",2007-09-07,827054,1989,1.1206375632608179
MU,Micron Technology,Information Technology,Semiconductors,"Boise, Idaho",1994-09-27,723125,1978,4.200765323790723
MSFT,Microsoft,Information Technology,Systems Software,"Redmond, Washington",1994-06-01,789019,1975,-0.2921688723286131
MAA,Mid-America Apartment Communities,Real Estate,Multi-Family Residential REITs,"Memphis, Tennessee",2016-12-02,912595,1977,0.9005488499684189
MRNA,Moderna,Health Care,Biotechnology,"Cambridge, Massachusetts",2021-07-21,1682852,2010,-2.799130370701175
MHK,Mohawk Industries,Consumer Discretionary,Home Furnishings,"Calhoun, Georgia",2013-12-23,851968,1878,0.48910899660670193
MOH,Molina Healthcare,Health Care,Managed Health Care,"Long Beach, California",2022-03-02,1179929,1980,0.24669235223000463
TAP,Molson Coors Beverage Company,Consumer Staples,Brewers,"Chicago, Illinois",1976-06-30,24545,"2005 (Molson 1786, Coors 1873)",0.0647358675537113
MDLZ,Mondelez International,Consumer Staples,Packaged Foods & Meats,"Chicago, Illinois",2012-10-02,1103982,2012,0.0426728834838519
MPWR,Monolithic Power Systems,Information Technology,Semiconductors,"Kirkland, Washington",2021-02-12,1280452,1997,2.2903361016609836
MNST,Monster Beverage,Consumer Staples,Soft Drinks & Non-alcoholic Beverages,"Corona, California",2012-06-28,865752,2012 (1935),-0.9261180972169325
MCO,Moody's Corporation,Financials,Financial Exchanges & Data,"New York City, New York",1998-07-01,1059556,1909,1.4988704402936648
MS,Morgan Stanley,Financials,Investment Banking & Brokerage,"New York City, New York",1993-07-29,895421,1935,0.2988467774024395
MOS,Mosaic Company (The),Materials,Fertilizers & Agricultural Chemicals,"Tampa, Florida",2011-09-26,1285785,2004 (1865 / 1909),0.42862875032430026
MSI,Motorola Solutions,Information Technology,Communications Equipment,"Chicago, Illinois",1957-03-04,68505,1928 (2011),0.11885130441477987
MSCI,MSCI,Financials,Financial Exchanges & Data,"New York City, New York",2018-04-04,1408198,1969,-1.224266177139821
NDAQ,"Nasdaq, Inc.",Financials,Financial Exchanges & Data,"New York City, New York",2008-10-22,1120193,1971,0.7675264450646146
NTAP,NetApp,Information Technology,"Technology Hardware, Storage & Peripherals","San Jose, California",1999-06-25,1002047,1992,2.165981701922748
NFLX,Netflix,Communication Services,Movies & Entertainment,"Los Gatos, California",2010-12-20,1065280,1997,0.7649827292990796
NEM,Newmont,Materials,Gold,"Denver, Colorado",1969-06-30,1164727,1921,1.5155192720539334
NWSA,News Corp (Class A),Communication Services,Publishing,"New York City, New York",2013-08-01,1564708,2013 (News Corporation 1980),0.5770617117452304
NWS,News Corp (Class B),Communication Services,Publishing,"New York City, New York",2015-09-18,1564708,2013 (News Corporation 1980),0.7103813821655258
NEE,NextEra Energy,Utilities,Multi-Utilities,"Juno Beach, Florida",1976-06-30,753308,1984 (1925),-3.4293976587011166
NKE,"Nike, Inc.",Consumer Discretionary,"Apparel, Accessories & Luxury Goods","Washington County, Oregon",1988-11-30,320187,1964,-0.16842490748355532
NI,NiSource,Utilities,Multi-Utilities,"Merrillville, Indiana",2000-11-02,1111711,1912,0.5535738808768231
NDSN,Nordson Corporation,Industrials,Industrial Machinery & Supplies & Components,"Westlake, Ohio",2022-02-15,72331,1935,0.3749242222008897
NSC,Norfolk Southern Railway,Industrials,Rail Transportation,"Atlanta, Georgia",1957-03-04,702165,1881/1894 (1980),0.5024901045817654
NTRS,Northern Trust,Financials,Asset Management & Custody Banks,"Chicago, Illinois",1998-01-30,73124,1889,0.2984833232481776
NOC,Northrop Grumman,Industrials,Aerospace & Defense,"West Falls Church, Virginia",1957-03-04,1133421,"1994 (Northrop 1939, Grumman 1930)",0.08376747874800916
NCLH,Norwegian Cruise Line Holdings,Consumer Discretionary,"Hotels, Resorts & Cruise Lines","Miami, Florida",2017-10-13,1513761,2011 (1966),0.5322303571851483
NRG,NRG Energy,Utilities,Independent Power Producers & Energy Traders,"Houston, Texas",2010-01-29,1013871,1992,1.6422574615087004
NUE,Nucor,Materials,Steel,"Charlotte, North Carolina",1985-04-30,73309,1940,-1.2263361765730174
NVDA,Nvidia,Information Technology,Semiconductors,"Santa Clara, California",2001-11-30,1045810,1993,2.675984881006954
NVR,"NVR, Inc.",Consumer Discretionary,Homebuilding,"Reston, Virginia",2019-09-26,906163,1980,-2.2816156740213644
NXPI,NXP Semiconductors,Information Technology,Semiconductors,"Eindhoven, Netherlands",2021-03-22,1413447,1953,-0.4681926880218401
ORLY,O'Reilly Auto Parts,Consumer Discretionary,Automotive Retail,"Springfield, Missouri",2009-03-27,898173,1957,1.2355633499580687
OXY,Occidental Petroleum,Energy,Oil & Gas Exploration & Production,"Houston, Texas",1957-03-04,797468,1920,1.2209312309578113
ODFL,Old Dominion,Industrials,Cargo Ground Transportation,"Thomasville, North Carolina",2019-12-09,878927,1934,-0.582390574644498
OMC,Omnicom Group,Communication Services,Advertising,"New York City, New York",1997-12-31,29989,1986,0.654969278305706
ON,ON Semiconductor,Information Technology,Semiconductors,"Phoenix, Arizona",2022-06-21,1097864,1999,0.3675872960501536
OKE,ONEOK,Energy,Oil & Gas Storage & Transportation,"Tulsa, Oklahoma",2010-03-15,1039684,1906,1.0879197686918252
ORCL,Oracle Corporation,Information Technology,Application Software,"Austin, Texas",1989-08-31,1341439,1977,1.9106906764488674
OTIS,Otis Worldwide,Industrials,Industrial Machinery & Supplies & Components,"Farmington, Connecticut",2020-04-03,1781335,"2020 (1853, United Technologies spinoff)",-1.1490743126656877
PCAR,Paccar,Industrials,Construction Machinery & Heavy Transportation Equipment,"Bellevue, Washington",1980-12-31,75362,1905,-0.33410729498984937
PKG,Packaging Corporation of America,Materials,Paper & Plastic Packaging Products & Materials,"Lake Forest, Illinois",2017-07-26,75677,1959,0.6268934847590613
PANW,Palo Alto Networks,Information Technology,Systems Software,"Santa Clara, California",2023-06-20,1327567,2005,-0.6073722883886856
PARA,Paramount Global,Communication Services,Movies & Entertainment,"New York City, New York",1994-09-30,813828,2019 (Paramount Pictures 1912),-1.4750712636291463
PH,Parker Hannifin,Industrials,Industrial Machinery & Supplies & Components,"Cleveland, Ohio",1985-11-30,76334,1917,0.35966391886037563
PAYX,Paychex,Industrials,Human Resource & Employment Services,"Penfield, New York",1998-10-01,723531,1971,0.42498499173100335
PAYC,Paycom,Industrials,Human Resource & Employment Services,"Oklahoma City, Oklahoma",2020-01-28,1590955,1998,-0.32193065703135515
PYPL,PayPal,Financials,Transaction & Payment Processing Services,"San Jose, California",2015-07-20,1633917,1998,-1.0572097364674238
PNR,Pentair,Industrials,Industrial Machinery & Supplies & Components,"Worsley, United Kingdom",2012-10-01,77360,1966,1.3137677133827408
PEP,PepsiCo,Consumer Staples,Soft Drinks & Non-alcoholic Beverages,"Purchase, New York",1957-03-04,77476,1898,0.08426591438712716
PFE,Pfizer,Health Care,Pharmaceuticals,"New York City, New York",1957-03-04,78003,1849,0.8895469799488076
PCG,PG&E Corporation,Utilities,Multi-Utilities,"San Francisco, California",2022-10-03,1004980,1905,-0.5905593111918517
PM,Philip Morris International,Consumer Staples,Tobacco,"New York City, New York",2008-03-31,1413329,2008 (1847),-0.42136236385773573
PSX,Phillips 66,Energy,Oil & Gas Refining & Marketing,"Houston, Texas",2012-05-01,1534701,2012 (1917),-0.5899902383312061
PNW,Pinnacle West,Utilities,Multi-Utilities,"Phoenix, Arizona",1999-10-04,764622,1985,-0.46143504437974325
PNC,PNC Financial Services,Financials,Regional Banks,"Pittsburgh, Pennsylvania",1988-04-30,713676,1845,1.0014391880622364
POOL,Pool Corporation,Consumer Discretionary,Distributors,"Covington, Louisiana",2020-10-07,945841,1993,-0.7809291721482037
PPG,PPG Industries,Materials,Specialty Chemicals,"Pittsburgh, Pennsylvania",1957-03-04,79879,1883,-0.44438084137581324
PPL,PPL Corporation,Utilities,Electric Utilities,"Allentown, Pennsylvania",2001-10-01,922224,1920,0.250805070608795
PFG,Principal Financial Group,Financials,Life & Health Insurance,"Des Moines, Iowa",2002-07-22,1126328,1879,0.4815718335343888
PG,Procter & Gamble,Consumer Staples,Personal Care Products,"Cincinnati, Ohio",1957-03-04,80424,1837,0.3940320370802164
PGR,Progressive Corporation,Financials,Property & Casualty Insurance,"Mayfield Village, Ohio",1997-08-04,80661,1937,1.2965793685262073
PLD,Prologis,Real Estate,Industrial REITs,"San Francisco, California",2003-07-17,1045609,1983,-0.5257001176221188
PRU,Prudential Financial,Financials,Life & Health Insurance,"Newark, New Jersey",2002-07-22,1137774,1875,0.7859588761584213
PEG,Public Service Enterprise Group,Utilities,Electric Utilities,"Newark, New Jersey",1957-03-04,788784,1903,-0.4926790910840251
PTC,PTC,Information Technology,Application Software,"Boston, Massachusetts",2021-04-20,857005,1985,0.25480800328292474
PSA,Public Storage,Real Estate,Self-Storage REITs,"Glendale, California",2005-08-19,1393311,1972,1.5961941417000691
PHM,PulteGroup,Consumer Discretionary,Homebuilding,"Atlanta, Georgia",1984-04-30,822416,1956,-2.5172666643015873
QRVO,Qorvo,Information Technology,Semiconductors,"Greensboro, North Carolina",2015-06-11,1604778,2015,1.0420336893227633
PWR,Quanta Services,Industrials,Construction & Engineering,"Houston, Texas",2009-07-01,1050915,1997,1.2437640496115288
QCOM,Qualcomm,Information Technology,Semiconductors,"San Diego, California",1999-07-22,804328,1985,3.1005307136172
DGX,Quest Diagnostics,Health Care,Health Care Services,"Secaucus, New Jersey",2002-12-12,1022079,1967,0.09486908478337774
RL,Ralph Lauren Corporation,Consumer Discretionary,"Apparel, Accessories & Luxury Goods","New York City, New York",2007-02-02,1037038,1967,-1.399441131083956
RJF,Raymond James,Financials,Investment Banking & Brokerage,"St. Petersburg, Florida",2017-03-20,720005,1962,1.1529337240649307
RTX,RTX Corporation,Industrials,Aerospace & Defense,"Waltham, Massachusetts",1957-03-04,101829,1922,0.2967335646324454
O,Realty Income,Real Estate,Retail REITs,"San Diego, California",2015-04-07,726728,1969,-0.01883987486470673
REG,Regency Centers,Real Estate,Retail REITs,"Jacksonville, Florida",2017-03-02,910606,1963,-0.3744091504048863
REGN,Regeneron,Health Care,Biotechnology,"Tarrytown, New York",2013-05-01,872589,1988,-0.06313881044706093
RF,Regions Financial Corporation,Financials,Regional Banks,"Birmingham, Alabama",1998-08-28,1281761,1971,0.5555531447386075
RSG,Republic Services,Industrials,Environmental & Facilities Services,"Phoenix, Arizona",2008-12-05,1060391,1998 (1981),0.11737223739425318
RMD,ResMed,Health Care,Health Care Equipment,"San Diego, California",2017-07-26,943819,1989,0.8723515102609936
RVTY,Revvity,Health Care,Health Care Equipment,"Waltham, Massachusetts",1985-05-31,31791,1937,-0.17692750021988113
RHI,Robert Half,Industrials,Human Resource & Employment Services,"Menlo Park, California",2000-12-05,315213,1948,-0.6720855083656496
ROK,Rockwell Automation,Industrials,Electrical Components & Equipment,"Milwaukee, Wisconsin",2000-03-12,1024478,1903,0.8432913981774703
ROL,"Rollins, Inc.",Industrials,Environmental & Facilities Services,"Atlanta, Georgia",2018-10-01,84839,1948,0.8527881602950593
ROP,Roper Technologies,Information Technology,Electronic Equipment & Instruments,"Sarasota, Florida",2009-12-23,882835,1981,1.11182788040467
ROST,Ross Stores,Consumer Discretionary,Apparel Retail,"Dublin, California",2009-12-21,745732,1982,-0.8013045564094212
RCL,Royal Caribbean Group,Consumer Discretionary,"Hotels, Resorts & Cruise Lines","Miami, Florida",2014-12-05,884887,1997,1.314382227766897
SPGI,S&P Global,Financials,Financial Exchanges & Data,"New York City, New York",1957-03-04,64040,1917,0.415420808044642
CRM,Salesforce,Information Technology,Application Software,"San Francisco, California",2008-09-15,1108524,1999,-0.39916616886477296
SBAC,SBA Communications,Real Estate,Telecom Tower REITs,"Boca Raton, Florida",2017-09-01,1034054,1989,0.4210432896604832
SLB,Schlumberger,Energy,Oil & Gas Equipment & Services,"Houston, Texas",1957-03-04,87347,1926,2.1086365950553354
STX,Seagate Technology,Information Technology,"Technology Hardware, Storage & Peripherals","Dublin, Ireland",2012-07-02,1137789,1979,0.5472675818916306
SRE,Sempra Energy,Utilities,Multi-Utilities,"San Diego, California",2017-03-17,1032208,1998,0.3073267880655317
NOW,ServiceNow,Information Technology,Systems Software,"Santa Clara, California",2019-11-21,1373715,2003,0.6395609439610705
SHW,Sherwin-Williams,Materials,Specialty Chemicals,"Cleveland, Ohio",1964-06-30,89800,1866,-0.9286775444338868
SPG,Simon Property Group,Real Estate,Retail REITs,"Indianapolis, Indiana",2002-06-26,1063761,2003,-0.04739762057125452
SWKS,Skyworks Solutions,Information Technology,Semiconductors,"Irvine, California",2015-03-12,4127,2002,0.5079899065194571
SJM,J.M. Smucker Company (The),Consumer Staples,Packaged Foods & Meats,"Orrville, Ohio",2008-11-06,91419,1897,0.3476550085465213
SNA,Snap-on,Industrials,Industrial Machinery & Supplies & Components,"Kenosha, Wisconsin",1982-09-30,91440,1920,0.4361864303900953
SOLV,Solventum,Health Care,Health Care Technology,"Saint Paul, Minnesota",2024-04-01,1964738,2023,-2.5260864747093548
SO,Southern Company,Utilities,Electric Utilities,"Atlanta, Georgia",1957-03-04,92122,1945,0.3538907603887864
LUV,Southwest Airlines,Industrials,Passenger Airlines,"Dallas, Texas",1994-07-01,92380,1967,-1.3034410637237426
SWK,Stanley Black & Decker,Industrials,Industrial Machinery & Supplies & Components,"New Britain, Connecticut",1982-09-30,93556,1843,-0.2844924869999099
SBUX,Starbucks,Consumer Discretionary,Restaurants,"Seattle, Washington",2000-06-07,829224,1971,-1.3894071773905003
STT,State Street Corporation,Financials,Asset Management & Custody Banks,"Boston, Massachusetts",2003-03-14,93751,1792,0.6972528327758187
STLD,Steel Dynamics,Materials,Steel,"Fort Wayne, Indiana",2022-12-22,1022671,1993,-1.9043884662126032
STE,Steris,Health Care,Health Care Equipment,"Dublin, Ireland",2019-12-23,1757898,1985,0.9300434069208219
SYK,Stryker Corporation,Health Care,Health Care Equipment,"Kalamazoo, Michigan",2000-12-12,310764,1941,0.6353357597477904
SMCI,Supermicro,Information Technology,"Technology Hardware, Storage & Peripherals","San Jose, California",2024-03-18,1375365,1993,3.686574170396484
SYF,Synchrony Financial,Financials,Consumer Finance,"Stamford, Connecticut",2015-11-18,1601712,2003,0.8354620772261567
SNPS,Synopsys,Information Technology,Application Software,"Sunnyvale, California",2017-03-16,883241,1986,0.922121798572828
SYY,Sysco,Consumer Staples,Food Distributors,"Houston, Texas",1986-12-31,96021,1969,-0.2635038395915168
TMUS,T-Mobile US,Communication Services,Wireless Telecommunication Services,"Bellevue, Washington",2019-07-15,1283699,1994,-0.13530583298981824
TROW,T. Rowe Price,Financials,Asset Management & Custody Banks,"Baltimore, Maryland",2019-07-29,1113169,1937,-0.04699274158027622
TTWO,Take-Two Interactive,Communication Services,Interactive Home Entertainment,"New York City, New York",2018-03-19,946581,1993,-0.24141654304850046
TPR,"Tapestry, Inc.",Consumer Discretionary,"Apparel, Accessories & Luxury Goods","New York City, New York",2004-09-01,1116132,2017,-1.956106227675558
TRGP,Targa Resources,Energy,Oil & Gas Storage & Transportation,"Houston, Texas",2022-10-12,1389170,2005,1.1019769606085417
TGT,Target Corporation,Consumer Staples,Consumer Staples Merchandise Retail,"Minneapolis, Minnesota",1976-12-31,27419,1902,-1.1795590118426347
TEL,TE Connectivity,Information Technology,Electronic Manufacturing Services,"Schaffhausen, Switzerland",2011-10-17,1385157,2007,0.5526713753719159
TDY,Teledyne Technologies,Information Technology,Electronic Equipment & Instruments,"Thousand Oaks, California",2020-06-22,1094285,1960,-0.028375262691626713
TFX,Teleflex,Health Care,Health Care Equipment,"Wayne, Pennsylvania",2019-01-18,96943,1943,-0.665796932269358
TER,Teradyne,Information Technology,Semiconductor Materials & Equipment,"North Reading, Massachusetts",2020-09-21,97210,1960,4.262814657165892
TSLA,"Tesla, Inc.",Consumer Discretionary,Automobile Manufacturers,"Austin, Texas",2020-12-21,1318605,2003,-1.6813892596491686
TXN,Texas Instruments,Information Technology,Semiconductors,"Dallas, Texas",2001-03-12,97476,1930,0.4874357294930576
TXT,Textron,Industrials,Aerospace & Defense,"Providence, Rhode Island",1978-12-31,217346,1923,-0.06982956223506864
TMO,Thermo Fisher Scientific,Health Care,Life Sciences Tools & Services,"Waltham, Massachusetts",2004-08-03,97745,2006 (1902),-0.31074201556998693
TJX,TJX Companies,Consumer Discretionary,Apparel Retail,"Framingham, Massachusetts",1985-09-30,109198,1987,-0.0704933342821068
TSCO,Tractor Supply,Consumer Discretionary,Other Specialty Retail,"Brentwood, Tennessee",2014-01-24,916365,1938,-0.43687935907075204
TT,Trane Technologies,Industrials,Building Products,"Dublin, Ireland",2010-11-17,1466258,1871,2.11148404204875
TDG,TransDigm Group,Industrials,Aerospace & Defense,"Cleveland, Ohio",2016-06-03,1260221,1993,0.7051221475918634
TRV,Travelers Companies (The),Financials,Property & Casualty Insurance,"New York City, New York",2002-08-21,86312,1853,0.6029835173117171
TRMB,Trimble Inc.,Information Technology,Electronic Equipment & Instruments,"Westminster, Colorado",2021-01-21,864749,1978,-0.5384117824576484
TFC,Truist,Financials,Regional Banks,"Charlotte, North Carolina",1997-12-04,92230,1872,1.5642496794002536
TYL,Tyler Technologies,Information Technology,Application Software,"Plano, Texas",2020-06-22,860731,1966,-0.0021356492566404484
TSN,Tyson Foods,Consumer Staples,Packaged Foods & Meats,"Springdale, Arkansas",2005-08-10,100493,1935,-0.566449268025393
USB,U.S. Bank,Financials,Diversified Banks,"Minneapolis, Minnesota",1999-11-01,36104,1968,0.38373375618667716
UBER,Uber,Industrials,Passenger Ground Transportation,"San Francisco, California",2023-12-18,1543151,2009,-0.3333814973377258
UDR,"UDR, Inc.",Real Estate,Multi-Family Residential REITs,"Highlands Ranch, Colorado",2016-03-07,74208,1972,0.44620799329431193
ULTA,Ulta Beauty,Consumer Discretionary,Other Specialty Retail,"Bolingbrook, Illinois",2016-04-18,1403568,1990,-0.12462684290610593
UNP,Union Pacific Corporation,Industrials,Rail Transportation,"Omaha, Nebraska",1957-03-04,100885,1862,0.616582439365998
UAL,United Airlines Holdings,Industrials,Passenger Airlines,"Chicago, Illinois",2015-09-03,100517,1967,-0.8141378920631603
UPS,United Parcel Service,Industrials,Air Freight & Logistics,"Sandy Springs, Georgia",2002-07-22,1090727,1907,-0.4858326333871954
URI,United Rentals,Industrials,Trading Companies & Distributors,"Stamford, Connecticut",2014-09-20,1067701,1997,2.2283662448539854
UNH,UnitedHealth Group,Health Care,Managed Health Care,"Minnetonka, Minnesota",1994-07-01,731766,1977,-0.9567098030582977
UHS,Universal Health Services,Health Care,Health Care Facilities,"King of Prussia, Pennsylvania",2014-09-20,352915,1979,0.0237069540720114
VLO,Valero Energy,Energy,Oil & Gas Refining & Marketing,"San Antonio, Texas",2002-12-20,1035002,1980,-0.9595638557246211
VTR,Ventas,Real Estate,Health Care REITs,"Chicago, Illinois",2009-03-04,740260,1998,0.7200012207031259
VLTO,Veralto,Industrials,Environmental & Facilities Services,"Waltham, Massachusetts",2023-10-02,1967680,2023,0.2784118327001206
VRSN,Verisign,Information Technology,Internet Services & Infrastructure,"Dulles, Virginia",2006-02-01,1014473,1995,0.011220075839490917
VRSK,Verisk,Industrials,Research & Consulting Services,"Jersey City, New Jersey",2015-10-08,1442145,1971,0.633197844058353
VZ,Verizon,Communication Services,Integrated Telecommunication Services,"New York City, New York",1983-11-30,732712,1983 (1877),1.3682254078178246
VRTX,Vertex Pharmaceuticals,Health Care,Biotechnology,"Cambridge, Massachusetts",2013-09-23,875320,1989,-0.8402142679421298
VTRS,Viatris,Health Care,Pharmaceuticals,"Pittsburgh, Pennsylvania",2004-04-23,1792044,1961,-1.3353044489804455
VICI,Vici Properties,Real Estate,Hotel & Resort REITs,"New York City, New York",2022-06-08,1705696,2017,-0.14184721434444825
V,Visa Inc.,Financials,Transaction & Payment Processing Services,"San Francisco, California",2009-12-21,1403161,1958,0.6453515924858655
VST,Vistra,Utilities,Electric Utilities,"Irving, Texas",2024-05-08,1692819,2016,2.082341719342695
VMC,Vulcan Materials Company,Materials,Construction Materials,"Birmingham, Alabama",1999-06-30,1396009,1909,-0.30427102037279274
WRB,W. R. Berkley Corporation,Financials,Property & Casualty Insurance,"Greenwich, Connecticut",2019-12-05,11544,1967,0.8028090565084245
GWW,W. W. Grainger,Industrials,Industrial Machinery & Supplies & Components,"Lake Forest, Illinois",1981-06-30,277135,1927,0.17003624588123323
WAB,Wabtec,Industrials,Construction Machinery & Heavy Transportation Equipment,"Pittsburgh, Pennsylvania",2019-02-27,943452,1999 (1869),-0.05568735694000404
WBA,Walgreens Boots Alliance,Consumer Staples,Drug Retail,"Deerfield, Illinois",1979-12-31,1618921,2014,1.8811934538786046
WMT,Walmart,Consumer Staples,Consumer Staples Merchandise Retail,"Bentonville, Arkansas",1982-08-31,104169,1962,0.45238848036082135
DIS,Walt Disney Company (The),Communication Services,Movies & Entertainment,"Burbank, California",1976-06-30,1744489,1923,-0.5959374975810561
WBD,Warner Bros. Discovery,Communication Services,Broadcasting,"New York City, New York",2022-04-11,1437107,2022 (Warner Bros. 1923),-0.6424581675280816
WM,Waste Management,Industrials,Environmental & Facilities Services,"Houston, Texas",1998-08-31,823768,1968,0.5087643028039324
WAT,Waters Corporation,Health Care,Life Sciences Tools & Services,"Milford, Massachusetts",2002-01-02,1000697,1958,-0.10535176162914661
WEC,WEC Energy Group,Utilities,Electric Utilities,"Milwaukee, Wisconsin",2008-10-31,783325,1896,-0.3317623160882244
WFC,Wells Fargo,Financials,Diversified Banks,"San Francisco, California",1976-06-30,72971,1852,0.8155880158511764
WELL,Welltower,Real Estate,Health Care REITs,"Toledo, Ohio",2009-01-30,766704,1970,0.1348871648651162
WST,West Pharmaceutical Services,Health Care,Health Care Supplies,"Exton, Pennsylvania",2020-05-22,105770,1923,-2.5842055182081602
WDC,Western Digital,Information Technology,"Technology Hardware, Storage & Peripherals","San Jose, California",2009-07-01,106040,1970,0.3005232430945082
WRK,WestRock,Materials,Paper & Plastic Packaging Products & Materials,"Atlanta, Georgia",2015-06-25,1732845,2015,-0.6801363096059831
WY,Weyerhaeuser,Real Estate,Timber REITs,"Seattle, Washington",1979-10-01,106535,1900,-1.1835311076134003
WMB,Williams Companies,Energy,Oil & Gas Storage & Transportation,"Tulsa, Oklahoma",1975-03-31,107263,1908,1.18759500339356
WTW,Willis Towers Watson,Financials,Insurance Brokers,"London, United Kingdom",2016-01-05,1140536,2016,0.1617974148347523
WYNN,Wynn Resorts,Consumer Discretionary,Casinos & Gaming,"Paradise, Nevada",2008-11-14,1174922,2002,-0.04505622446198121
XEL,Xcel Energy,Utilities,Multi-Utilities,"Minneapolis, Minnesota",1957-03-04,72903,1909,-0.3193125061664581
XYL,Xylem Inc.,Industrials,Industrial Machinery & Supplies & Components,"White Plains, New York",2011-11-01,1524472,2011,0.1576617681584791
YUM,Yum! Brands,Consumer Discretionary,Restaurants,"Louisville, Kentucky",1997-10-06,1041061,1997,-1.2562089130185528
ZBRA,Zebra Technologies,Information Technology,Electronic Equipment & Instruments,"Lincolnshire, Illinois",2019-12-23,877212,1969,-1.3194412417021462
ZBH,Zimmer Biomet,Health Care,Health Care Equipment,"Warsaw, Indiana",2001-08-07,1136869,1927,-0.663364563739488
ZTS,Zoetis,Health Care,Pharmaceuticals,"Parsippany, New Jersey",2013-06-21,1555280,1952,-0.7899303059918594
